{"mae_lr": 5.124990504504643, "rmse_lr": 7.442978232515737, "mae_lstm": 11.739307610977248, "rmse_lstm": 15.155843299692776}